category,split,chunk,hip_count,filenames
HIP,multicoil_train,multicoil_train.tar.part-00013,15,meas_MID00263_FID131891_RT_AX_STIR_WARP.h5;meas_MID00264_FID115215_RT_AX_T2_WARP.h5;meas_MID00264_FID131892_RT_AX_T1_SUB_WARP.h5;meas_MID00265_FID119066_LT_AX_T2_WARP.h5;meas_MID00266_FID115217_RT_AX_STIR_WARP.h5;meas_MID00269_FID115220_RT_COR_T2_WARP.h5;meas_MID00269_FID118600_RT_COR_T2_TSE_FS.h5;meas_MID00270_FID115221_LT_SAG_STIR_WARP.h5;meas_MID00270_FID116741_RT_AX_STIR_WARP.h5;meas_MID00271_FID115222_LT_AX_STIR_WARP.h5;meas_MID00271_FID116742_RT_AX_T1_PRE_SUB_WARP.h5;meas_MID00272_FID115223_LT_AX_T2_WARP.h5;meas_MID00273_FID115224_LT_COR_T2_WARP.h5;meas_MID00279_FID115230_RT_AX_T1_PRE_SUB_WARP.h5;meas_MID00279_FID121561_COR_STIR_WARP__WHOLE_PELVIS.h5
HIP,multicoil_train,multicoil_train.tar.part-00014,12,meas_MID00280_FID115231_LT_AX_T1_PRE_SUB_WARP.h5;meas_MID00281_FID115232_LT_AX_T1_POST_SUB_WARP.h5;meas_MID00282_FID115233_RT_AX_T1_POST_SUB_WARP.h5;meas_MID00283_FID113754_COR_T1_WP.h5;meas_MID00284_FID115235_COR_T1_WARP__WHOLE_PELVIS.h5;meas_MID00284_FID117784_LT_COR_T2_TSE.h5;meas_MID00285_FID121567_COR_T1_WARP__WHOLE_PELVIS.h5;meas_MID00287_FID113758_LT_SAG_PD_FS.h5;meas_MID00290_FID113761_LT_COR_T2_TSE_FS.h5;meas_MID00292_FID113763_LT_AX_PD_FS_UNI.h5;meas_MID00292_FID121574_LT_SAG_STIR_WARP.h5;meas_MID00293_FID118624_AX_PD_FS_WP.h5
HIP,multicoil_train,multicoil_train.tar.part-00012,11,meas_MID00254_FID119055_COR_STIR_WARP__WHOLE_PELVIS.h5;meas_MID00255_FID119056_COR_T1_WARP__WHOLE_PELVIS.h5;meas_MID00256_FID131884_RT_SAG_STIR_WARP.h5;meas_MID00258_FID115209_RT_SAG_STIR_WARP.h5;meas_MID00258_FID131886_COR_T1_WARP__WHOLE_PELVIS.h5;meas_MID00259_FID116730_RT_SAG_STIR_WARP.h5;meas_MID00259_FID118590_AX_T1_WP.h5;meas_MID00260_FID116731_RT_AX_T2_WARP.h5;meas_MID00261_FID119062_LT_SAG_STIR_WARP.h5;meas_MID00261_FID131889_RT_COR_T2_WARP.h5;meas_MID00263_FID116734_RT_COR_T2_WARP.h5
HIP,multicoil_train,multicoil_train.tar.part-00004,9,meas_MID00109_FID124045_COR_T1_WP.h5;meas_MID00114_FID118012_RT_SAG_PD_FS.h5;meas_MID00115_FID116586_COR_T1_WP.h5;meas_MID00116_FID118014_RT_COR_T2_TSE_FS.h5;meas_MID00117_FID124053_RT_SAG_PD_FS.h5;meas_MID00119_FID116590_RT_SAG_PD_FS.h5;meas_MID00122_FID116593_RT_COR_T2_TSE_FS.h5;meas_MID00130_FID116601_RT_AX_PD_FS_UNI.h5;meas_MID00133_FID124069_RT_COR_T2_TSE_FS.h5
HIP,multicoil_train,multicoil_train.tar.part-00006,9,meas_MID00161_FID114205_AX_T1_WP.h5;meas_MID00162_FID130232_COR_STIR.h5;meas_MID00163_FID130233_COR_T1_WP.h5;meas_MID00165_FID114209_RT_COR_T2_TSE_FS.h5;meas_MID00167_FID111666_RT_COR_T2_TSE_FS.h5;meas_MID00168_FID111667_AX_T1_WP.h5;meas_MID00169_FID114213_AX_PD_FS_WP.h5;meas_MID00171_FID130241_RT_SAG_PD_FS.h5;meas_MID00173_FID130243_RT_COR_T2_TSE_FS.h5
HIP,multicoil_train,multicoil_train.tar.part-00011,8,meas_MID00245_FID116716_COR_STIR_WARP__WHOLE_PELVIS.h5;meas_MID00246_FID115197_COR_STIR_WARP__WHOLE_PELVIS.h5;meas_MID00248_FID116245_RT_SAG_PD_FS.h5;meas_MID00250_FID116721_COR_T1_WARP__WHOLE_PELVIS.h5;meas_MID00250_FID131878_COR_STIR_WARP__WHOLE_PELVIS.h5;meas_MID00253_FID116250_AX_PD_FS_WP.h5;meas_MID00253_FID131881_RT_AX_T2_WARP.h5;meas_MID00254_FID115205_COR_T1_WARP__WHOLE_PELVIS.h5
HIP,multicoil_test,multicoil_test.tar.part-00001,7,meas_MID00165_FID134281_RT_COR_T2_TSE.h5;meas_MID00226_FID116697_RT_SAG_PD_FS.h5;meas_MID00260_FID134914_LT_SAG_PD_FS.h5;meas_MID00234_FID116705_RT_AX_PD_FS_UNI.h5;meas_MID00068_FID125194_AX_PD_FS_WP.h5;meas_MID00510_FID123876_LT_SAG_PD_FS.h5;meas_MID00418_FID128926_COR_T1_WP.h5
HIP,multicoil_train,multicoil_train.tar.part-00003,7,meas_MID00092_FID110525_RT_SAG_PD_FS.h5;meas_MID00097_FID110530_RT_COR_T2_TSE_FS.h5;meas_MID00099_FID110532_LT_SAG_PD_FS.h5;meas_MID00101_FID110534_LT_COR_T2_TSE_FS.h5;meas_MID00103_FID110536_LT_AX_PD_FS_UNI.h5;meas_MID00104_FID118002_RT_AX_PD_FS_UNI.h5;meas_MID00105_FID118003_COR_T1_WP.h5
HIP,multicoil_test,multicoil_test.tar.part-00003,6,meas_MID00090_FID116561_AX_PD_FS_WP.h5;meas_MID00508_FID123874_LT_COR_T2_TSE.h5;meas_MID00235_FID114773_AX_PD_FS_WP.h5;meas_MID00423_FID128931_RT_SAG_PD_FS.h5;meas_MID00311_FID126868_RT_SAG_PD_FS.h5;meas_MID00517_FID123883_AX_PD_FS_WP.h5
HIP,multicoil_test,multicoil_test.tar.part-00005,6,meas_MID00231_FID116702_RT_COR_T2_TSE_FS.h5;meas_MID00417_FID128925_COR_STIR_WP.h5;meas_MID00079_FID116550_LT_COR_T2_TSE.h5;meas_MID00062_FID125188_LT_COR_T2_TSE.h5;meas_MID00244_FID134898_LT_AX_PD_FS_UNI.h5;meas_MID00231_FID114769_LT_SAG_PD_FS.h5
HIP,multicoil_train,multicoil_train.tar.part-00001,6,meas_MID00048_FID117548_COR_STIR_WP.h5;meas_MID00049_FID117549_COR_T1_WP.h5;meas_MID00054_FID113525_AX_T1.h5;meas_MID00054_FID117554_LT_SAG_PD_FS.h5;meas_MID00056_FID117556_LT_COR_T2_TSE_FS.h5;meas_MID00058_FID117558_LT_AX_PD_FS_UNI.h5
HIP,multicoil_train,multicoil_train.tar.part-00009,6,meas_MID00217_FID131845_RT_SAG_PD_FS.h5;meas_MID00221_FID131849_RT_AX_PD_FS_UNI.h5;meas_MID00225_FID111724_RT_SAG_PD_FS.h5;meas_MID00225_FID131853_AX_PD_FS_WP.h5;meas_MID00226_FID120462_RT_COR_T2_TSE.h5;meas_MID00227_FID111726_RT_COR_T2_TSE_FS.h5
HIP,multicoil_train,multicoil_train.tar.part-00010,6,meas_MID00229_FID111728_AX_T1_WP.h5;meas_MID00229_FID120465_RT_SAG_PD_FS.h5;meas_MID00233_FID111732_AX_PD_FS_WP.h5;meas_MID00233_FID120469_AX_PD_FS_WP.h5;meas_MID00235_FID116232_AX_T1_WP.h5;meas_MID00237_FID116234_RT_COR_T2_TSE_FS.h5
HIP,multicoil_train,multicoil_train.tar.part-00015,6,meas_MID00293_FID121575_LT_AX_T2_WARP.h5;meas_MID00296_FID121578_LT_AX_STIR_WARP.h5;meas_MID00299_FID117799_LT_SAG_PD_FS.h5;meas_MID00299_FID121581_LT_COR_T2_WARP.h5;meas_MID00306_FID117806_AX_PD_FS_WP.h5;meas_MID00308_FID121004_LT_COR_T2_TSE_FS.h5
HIP,multicoil_train,multicoil_train.tar.part-00020,6,meas_MID00399_FID125920_RT_SAG_PD_FS.h5;meas_MID00401_FID118299_COR_T1_WP.h5;meas_MID00402_FID125923_RT_COR_T2_TSE_FS.h5;meas_MID00403_FID127452_COR_T1_WP.h5;meas_MID00404_FID125925_RT_AX_PD_FS_UNI.h5;meas_MID00412_FID127461_LT_SAG_PD_FS.h5
HIP,multicoil_val,multicoil_val.tar.part-00001,6,meas_MID00408_FID110841_AX_PD_FS_WP.h5;meas_MID00268_FID133913_COR_T1_WP.h5;meas_MID00276_FID133921_RT_SAG_PD_FS.h5;meas_MID00407_FID115358_RT_SAG_PD_FS.h5;meas_MID00571_FID121267_LT_AX_PD_FS_UNI.h5;meas_MID00303_FID133948_SAG_PD_FS_SYM_PUB.h5
HIP,multicoil_val,multicoil_val.tar.part-00004,6,meas_MID00510_FID121206_LT_SAG_PD_FS.h5;meas_MID00504_FID121200_COR_T1_WP.h5;meas_MID00301_FID133946_SAG_PD_FS_SYM_PUB.h5;meas_MID00412_FID115363_AX_PD_FS_WP.h5;meas_MID00018_FID123954_COR_T1_WP.h5;meas_MID00213_FID134867_AX_PD_FS_WP.h5
HIP,multicoil_test,multicoil_test.tar.part-00004,5,meas_MID00265_FID134919_LT_COR_T2_TSE_FS.h5;meas_MID00430_FID128938_RT_AX_PD_FS_UNI.h5;meas_MID00428_FID128936_RT_COR_T2_TSE_FS.h5;meas_MID00236_FID134890_COR_T1_WP.h5;meas_MID00167_FID134283_RT_SAG_PD_FS.h5
HIP,multicoil_train,multicoil_train.tar.part-00021,5,meas_MID00414_FID127463_LT_AX_PD_FS_UNI.h5;meas_MID00417_FID127466_LT_COR_T2_TSE_FS.h5;meas_MID00425_FID118323_COR_T1_WP.h5;meas_MID00429_FID118327_RT_SAG_PD_FS.h5;meas_MID00431_FID118329_RT_COR_T2_TSE_FS.h5
HIP,multicoil_train,multicoil_train.tar.part-00025,5,meas_MID00533_FID133650_LT_AX_PD_FS_UNI.h5;meas_MID00536_FID124472_RT_COR_T2_TSE.h5;meas_MID00538_FID124474_RT_SAG_PD_FS.h5;meas_MID00551_FID124487_AX_PD_FS_WP.h5;meas_MID00554_FID129514_LT_COR_T2_TSE_FS.h5
HIP,multicoil_val,multicoil_val.tar.part-00003,5,meas_MID00514_FID121210_LT_AX_PD_FS_UNI.h5;meas_MID00207_FID134861_LT_SAG_PD_FS.h5;meas_MID00284_FID133929_AX_OBL_T2_FS.h5;meas_MID00023_FID123959_LT_SAG_PD_FS.h5;meas_MID00293_FID133938_RT_COR_T2_TSE_FS.h5
HIP,multicoil_val,multicoil_val.tar.part-00005,5,meas_MID00569_FID121265_LT_COR_T2_TSE_FS.h5;meas_MID00376_FID110809_COR_T1_WP.h5;meas_MID00017_FID123953_COR_STIR_WP.h5;meas_MID00037_FID123973_LT_AX_PD_FS_UNI.h5;meas_MID00291_FID133936_RT_AX_PD_FS_UNI.h5
HIP,multicoil_train,multicoil_train.tar.part-00023,4,meas_MID00462_FID113933_RT_SAG_PD_FS.h5;meas_MID00463_FID117401_AX_PD__WP.h5;meas_MID00464_FID113935_RT_COR_T2_TSE_FS.h5;meas_MID00468_FID113939_RT_AX_PD_FS_UNI.h5
HIP,multicoil_test,multicoil_test.tar.part-00000,3,meas_MID00081_FID116552_LT_SAG_PD_FS.h5;meas_MID00064_FID125190_LT_SAG_PD_FS.h5;meas_MID00252_FID134906_LT_AX_PD_FS_UNI.h5
HIP,multicoil_test,multicoil_test.tar.part-00002,3,meas_MID00306_FID126863_COR_T1_WP.h5;meas_MID00221_FID116692_COR_T1_WP.h5;meas_MID00305_FID126862_COR_STIR_WP.h5
HIP,multicoil_train,multicoil_train.tar.part-00000,3,meas_MID00030_FID113501_COR_STIR_WP.h5;meas_MID00031_FID113502_COR_T1_WP.h5;meas_MID00035_FID113506_AX_PD_FS_WP.h5
HIP,multicoil_train,multicoil_train.tar.part-00007,3,meas_MID00175_FID111674_AX_PD_FS_WP.h5;meas_MID00175_FID130245_RT_AX_T1.h5;meas_MID00177_FID130247_RT_AX_PD_FS_UNI.h5
HIP,multicoil_train,multicoil_train.tar.part-00024,3,meas_MID00487_FID129447_LT_COR_T2_TSE.h5;meas_MID00502_FID129462_AX_PD_FS_WP.h5;meas_MID00518_FID124454_COR_STIR_wp.h5
HIP,multicoil_val,multicoil_val.tar.part-00002,3,meas_MID00579_FID121275_AX_PD_FS_WP.h5;meas_MID00400_FID115351_RT_COR_T2_TSE.h5;meas_MID00559_FID121255_COR_T1_WP.h5
HIP,multicoil_train,multicoil_train.tar.part-00002,2,meas_MID00089_FID110522_RT_AX_PD_FS_UNI.h5;meas_MID00090_FID110523_COR_T1_WP.h5
HIP,multicoil_train,multicoil_train.tar.part-00016,2,meas_MID00330_FID121026_LT_SAG_PD_FS.h5;meas_MID00332_FID121028_AX_T1_WP.h5
HIP,multicoil_train,multicoil_train.tar.part-00019,2,meas_MID00383_FID124934_AX_PD_KNEE.h5;meas_MID00393_FID125914_COR_T1_WP.h5
HIP,multicoil_train,multicoil_train.tar.part-00022,2,meas_MID00438_FID118336_RT_AX_PD_FS_UNI.h5;meas_MID00457_FID113928_COR_T1_WP.h5
HIP,multicoil_val,multicoil_val.tar.part-00000,2,meas_MID00305_FID133950_RT_COR_T2_TSE_FS.h5;meas_MID00286_FID133931_AX_OBL_PD_FS.h5
HIP,multicoil_test,multicoil_test.tar.part-00006,1,meas_MID00173_FID134289_AX_PD_FS_WP.h5
HIP,multicoil_train,multicoil_train.tar.part-00005,1,meas_MID00141_FID124077_RT_AX_PD_FS_UNI.h5
HIP,multicoil_train,multicoil_train.tar.part-00008,1,meas_MID00200_FID131828_RT_COR_T2_TSE.h5
HIP,multicoil_train,multicoil_train.tar.part-00018,1,meas_MID00361_FID124912_RT_COR_T2_TSE_FS.h5
HIP,multicoil_val,multicoil_val.tar.part-00006,1,meas_MID00200_FID134854_LT_COR_T2_TSE.h5
