category,split,chunk,spine_count,filenames
SPINE,multicoil_train,multicoil_train.tar.part-00016,75,meas_MID00317_FID110750_SAG_STIR.h5;meas_MID00317_FID111816_SAG_T1.h5;meas_MID00317_FID118648_COR_T2.h5;meas_MID00317_FID134971_AX_T2_ANGLE_DISC.h5;meas_MID00318_FID111817_SAG_STIR.h5;meas_MID00318_FID120554_SAG_STIR.h5;meas_MID00319_FID120555_RT_COR_T2_OBL.h5;meas_MID00319_FID124255_AX_T2.h5;meas_MID00320_FID112297_SAG_T2.h5;meas_MID00320_FID118651_SAG_T2.h5;meas_MID00320_FID120556_LT_COR_T2_OBL.h5;meas_MID00320_FID128828_SAG_T2.h5;meas_MID00321_FID111820_AX_T2_ANGLE_DISC.h5;meas_MID00321_FID112298_SAG_T1.h5;meas_MID00321_FID118652_SAG_T1.h5;meas_MID00321_FID128829_SAG_T1.h5;meas_MID00321_FID130391_COR_T2.h5;meas_MID00322_FID112299_SAG_STIR.h5;meas_MID00322_FID118653_SAG_STIR.h5;meas_MID00322_FID128830_SAG_STIR.h5;meas_MID00323_FID110756_AX_T2.h5;meas_MID00323_FID118654_AX_T2_ANGLE_DISC.h5;meas_MID00323_FID128831_AX_T2_P2.h5;meas_MID00323_FID130393_SAG_T2.h5;meas_MID00323_FID134977_AX_T2_P2.h5;meas_MID00324_FID121606_COR_T2.h5;meas_MID00324_FID128832_AX_T2_ANGLE_DISC.h5;meas_MID00324_FID130394_SAG_T1.h5;meas_MID00324_FID135440_COR_T2.h5;meas_MID00325_FID111824_AX_T2_P2.h5;meas_MID00325_FID112302_AX_T2.h5;meas_MID00325_FID117825_COR_T2.h5;meas_MID00325_FID121607_SAG_T2.h5;meas_MID00325_FID124261_AX_T2.h5;meas_MID00325_FID126882_COR_T2.h5;meas_MID00325_FID130395_SAG_STIR.h5;meas_MID00326_FID121608_SAG_T1.h5;meas_MID00326_FID124262_AX_T2_ANGLE_DISC.h5;meas_MID00326_FID128834_AX_T2_P2.h5;meas_MID00326_FID130396_AX_T2_ANGLE_DISC.h5;meas_MID00327_FID114371_COR_T2.h5;meas_MID00327_FID117827_SAG_T2.h5;meas_MID00327_FID121609_SAG_STIR.h5;meas_MID00327_FID126884_SAG_T2.h5;meas_MID00328_FID117828_SAG_T1.h5;meas_MID00328_FID126885_SAG_T1.h5;meas_MID00328_FID135444_SAG_T2.h5;meas_MID00329_FID110762_AX_T2.h5;meas_MID00329_FID117829_SAG_STIR.h5;meas_MID00329_FID118660_AX_T2.h5;meas_MID00329_FID126886_SAG_STIR.h5;meas_MID00329_FID135445_SAG_T1.h5;meas_MID00330_FID135446_SAG_STIR.h5;meas_MID00331_FID112308_AX_T2.h5;meas_MID00331_FID114375_SAG_T2.h5;meas_MID00331_FID135447_AX_T2_ANGLE_DISC.h5;meas_MID00332_FID126889_AX_T2_ANGLE_DISC.h5;meas_MID00332_FID130402_AX_T2_P2.h5;meas_MID00334_FID114378_SAG_T1.h5;meas_MID00334_FID117834_AX_T2_ANGLE_DISC.h5;meas_MID00334_FID132527_COR_T2.h5;meas_MID00335_FID114379_SAG_STIR.h5;meas_MID00335_FID117835_AX_T2_P2.h5;meas_MID00335_FID121617_AX_T2_WARP.h5;meas_MID00335_FID126892_AX_T2_P2.h5;meas_MID00335_FID132528_SAG_T2.h5;meas_MID00336_FID117836_AX_T2.h5;meas_MID00336_FID132529_SAG_T1.h5;meas_MID00337_FID132530_SAG_STIR.h5;meas_MID00337_FID135453_AX_T2_P2.h5;meas_MID00338_FID114382_AX_T2_ANGLE_DISC.h5;meas_MID00338_FID128846_COR_T2.h5;meas_MID00338_FID133983_COR_T2.h5;meas_MID00339_FID113810_COR_T2.h5;meas_MID00339_FID133984_SAG_T2.h5
SPINE,multicoil_train,multicoil_train.tar.part-00019,57,meas_MID00371_FID113842_SAG_T1.h5;meas_MID00371_FID121653_RT_COR_T2_OBL.h5;meas_MID00371_FID132564_SAG_T1.h5;meas_MID00372_FID121654_LT_COR_T2_OBL.h5;meas_MID00372_FID132565_SAG_STIR.h5;meas_MID00373_FID113844_AX_T2_ANGLE_DISC.h5;meas_MID00373_FID114911_COR_T2.h5;meas_MID00373_FID118271_COR_T2.h5;meas_MID00373_FID124309_SAG_T1.h5;meas_MID00373_FID132566_AX_T2_ANGLE_DISC.h5;meas_MID00374_FID124310_AXIAL_T2.h5;meas_MID00374_FID132567_AX_T2_P2.h5;meas_MID00375_FID112352_AX_T2.h5;meas_MID00375_FID118273_SAG_T2.h5;meas_MID00375_FID123741_AX_T2_ANGLE_DISC.h5;meas_MID00376_FID118274_SAG_T1.h5;meas_MID00377_FID118275_SAG_STIR.h5;meas_MID00378_FID114916_SAG_T2.h5;meas_MID00378_FID118276_AX_T2_ANGLE_DISC.h5;meas_MID00379_FID113850_AX_T2_P2.h5;meas_MID00379_FID132572_COR_T2.h5;meas_MID00380_FID114918_SAG_T1.h5;meas_MID00380_FID118278_AX_T2_P2.h5;meas_MID00380_FID124316_AXIAL_T2.h5;meas_MID00381_FID123747_AX_T2.h5;meas_MID00381_FID128889_COR_T2.h5;meas_MID00382_FID114920_SAG_STIR.h5;meas_MID00382_FID124318_SAG_STIR.h5;meas_MID00382_FID128890_SAG_T2.h5;meas_MID00383_FID114427_COR_T2.h5;meas_MID00383_FID114921_AX_T2_ANGLE_DISC.h5;meas_MID00384_FID114428_SAG_T2.h5;meas_MID00385_FID121667_COR_T2.h5;meas_MID00385_FID124321_RT_COR_T2_OBL.h5;meas_MID00385_FID130455_COR_T2.h5;meas_MID00386_FID124322_LT_COR_T2_OBL.h5;meas_MID00386_FID128894_SAG_T1.h5;meas_MID00386_FID130456_SAG_T2.h5;meas_MID00387_FID113858_COR_OBL_T1.h5;meas_MID00387_FID123753_AX_T2.h5;meas_MID00388_FID114432_SAG_T1.h5;meas_MID00389_FID121671_SAG_T2.h5;meas_MID00389_FID128897_AX_T2.h5;meas_MID00390_FID114928_AX_T2_P2.h5;meas_MID00390_FID121672_SAG_T1.h5;meas_MID00390_FID130460_SAG_T1.h5;meas_MID00391_FID114435_AX_T2.h5;meas_MID00391_FID121673_SAG_STIR.h5;meas_MID00391_FID128899_SAG_STIR.h5;meas_MID00392_FID121674_AX_T2_ANGLE_DISC.h5;meas_MID00393_FID114437_SAG_STIR.h5;meas_MID00393_FID121675_AX_T2.h5;meas_MID00394_FID114438_RT_COR_T2_OBL.h5;meas_MID00394_FID130464_AX_T2.h5;meas_MID00395_FID114439_LT_COR_T2_OBL.h5;meas_MID00396_FID114934_AX_T2.h5;meas_MID00396_FID130466_SAG_STIR.h5
SPINE,multicoil_train,multicoil_train.tar.part-00022,50,meas_MID00435_FID115386_SAG_T2.h5;meas_MID00436_FID111404_SAG_T1.h5;meas_MID00436_FID113907_LT_COR_T2_OBL.h5;meas_MID00436_FID120672_AX_T2.h5;meas_MID00437_FID111405_AXIAL_T2.h5;meas_MID00438_FID120674_SAG_STIR.h5;meas_MID00439_FID115390_SAG_T1.h5;meas_MID00439_FID120675_RT_COR_T2_OBL.h5;meas_MID00440_FID120676_LT_COR_T2_OBL.h5;meas_MID00441_FID134086_COR_T2.h5;meas_MID00442_FID115393_AX_T2.h5;meas_MID00443_FID111411_AXIAL_T2.h5;meas_MID00443_FID127000_COR_T2.h5;meas_MID00443_FID132071_COR_T2.h5;meas_MID00444_FID111412_SAG_STIR.h5;meas_MID00444_FID115395_SAG_STIR.h5;meas_MID00444_FID127001_SAG_T2.h5;meas_MID00445_FID111413_RT_COR_T2_OBL.h5;meas_MID00445_FID130020_COR_T2.h5;meas_MID00445_FID134090_SAG_T2.h5;meas_MID00446_FID111414_LT_COR_T2_OBL.h5;meas_MID00446_FID112423_COR_T2.h5;meas_MID00446_FID130021_SAG_T2.h5;meas_MID00446_FID134091_SAG_T1.h5;meas_MID00447_FID112424_COR_T2.h5;meas_MID00447_FID130022_SAG_T1.h5;meas_MID00447_FID132075_SAG_T2.h5;meas_MID00447_FID134092_SAG_STIR.h5;meas_MID00448_FID112425_SAG_T2.h5;meas_MID00448_FID119249_COR_T2.h5;meas_MID00448_FID127005_SAG_T1.h5;meas_MID00448_FID130023_SAG_STIR.h5;meas_MID00448_FID132076_SAG_T1.h5;meas_MID00448_FID134093_AX_T2_ANGLE_DISC.h5;meas_MID00449_FID132077_SAG_STIR.h5;meas_MID00450_FID115401_RT_COR_T2_OBL.h5;meas_MID00451_FID115402_LT_COR_T2_OBL.h5;meas_MID00451_FID127008_AX_T2.h5;meas_MID00451_FID134096_AX_T2_P2.h5;meas_MID00452_FID112429_SAG_T1.h5;meas_MID00452_FID119253_SAG_T2.h5;meas_MID00452_FID132080_AX_T2_ANGLE_DISC.h5;meas_MID00453_FID119254_SAG_T1.h5;meas_MID00453_FID127010_SAG_STIR.h5;meas_MID00454_FID119255_SAG_STIR.h5;meas_MID00454_FID130029_AX_T2_T_SP.h5;meas_MID00455_FID112432_AX_T2.h5;meas_MID00455_FID115967_COR_T2.h5;meas_MID00457_FID112434_SAG_STIR.h5;meas_MID00457_FID115969_SAG_T2.h5
SPINE,multicoil_train,multicoil_train.tar.part-00010,49,meas_MID00227_FID124163_SAG_T1.h5;meas_MID00227_FID125748_SAG_T1.h5;meas_MID00227_FID126784_SAG_T2.h5;meas_MID00227_FID135343_SAG_T2.h5;meas_MID00228_FID113198_AX_T2.h5;meas_MID00228_FID117728_COR_T2.h5;meas_MID00228_FID124164_SAG_STIR.h5;meas_MID00228_FID132421_SAG_T1.h5;meas_MID00228_FID135344_SAG_T1.h5;meas_MID00229_FID117729_SAG_T2.h5;meas_MID00229_FID121511_AX_T2_ANGLE_DISC.h5;meas_MID00229_FID125750_SAG_STIR.h5;meas_MID00229_FID128737_AX_T2_ANGLE_DISC.h5;meas_MID00229_FID135345_SAG_STIR.h5;meas_MID00230_FID110663_COR_T2.h5;meas_MID00230_FID113200_SAG_STIR.h5;meas_MID00230_FID117730_SAG_T1.h5;meas_MID00231_FID113201_RT_COR_T2_OBL.h5;meas_MID00231_FID117731_SAG_STIR.h5;meas_MID00231_FID125752_LT_COR_T2_OBL.h5;meas_MID00231_FID126788_SAG_T1.h5;meas_MID00231_FID132424_AX_T2.h5;meas_MID00231_FID135347_AX_T2_ANGLE_DISC.h5;meas_MID00232_FID113202_LT_COR_T2_OBL.h5;meas_MID00232_FID117732_AX_T2_P2.h5;meas_MID00233_FID110666_SAG_T2.h5;meas_MID00233_FID113203_AXIAL_T2.h5;meas_MID00233_FID132426_SAG_STIR.h5;meas_MID00234_FID110667_SAG_T1.h5;meas_MID00234_FID113204_RT_COR_T2_OBL.h5;meas_MID00234_FID115746_AX_T2_P2.h5;meas_MID00234_FID117734_AX_T2_ANGLE_DISC.h5;meas_MID00234_FID124170_AX_T2_P2.h5;meas_MID00234_FID126791_AX_T2.h5;meas_MID00235_FID110668_SAG_STIR.h5;meas_MID00235_FID121517_AX_T2_P2.h5;meas_MID00235_FID132428_RT_COR_T2_OBL.h5;meas_MID00236_FID126793_SAG_STIR.h5;meas_MID00236_FID132429_LT_COR_T2_OBL.h5;meas_MID00237_FID126794_RT_COR_T2_OBL.h5;meas_MID00237_FID135353_AX_T2_P2.h5;meas_MID00238_FID122006_COR_T2.h5;meas_MID00238_FID126795_LT_COR_T2_OBL.h5;meas_MID00238_FID133883_COR_T2.h5;meas_MID00239_FID124175_AX_T2_ANGLE_DISC.h5;meas_MID00239_FID133884_SAG_T2.h5;meas_MID00240_FID122008_SAG_T2.h5;meas_MID00240_FID133885_SAG_T1.h5;meas_MID00241_FID110674_AX_T2_ANGLE_DISC.h5
SPINE,multicoil_test,multicoil_test.tar.part-00005,48,meas_MID00430_FID121712_SAG_T2.h5;meas_MID00052_FID135168_SAG_STIR.h5;meas_MID00265_FID114803_COR_T2.h5;meas_MID00444_FID128952_SAG_STIR.h5;meas_MID00325_FID115837_SAG_T1.h5;meas_MID00157_FID113628_AX_T2.h5;meas_MID00436_FID121718_AX_T2.h5;meas_MID00208_FID125334_SAG_T1.h5;meas_MID00128_FID113599_RT_COR_T2_OBL.h5;meas_MID00254_FID115766_SAG_T1.h5;meas_MID00023_FID125544_SAG_T1.h5;meas_MID00392_FID117892_SAG_T2.h5;meas_MID00274_FID135390_COR_T2.h5;meas_MID00180_FID125701_RT_COR_T2_OBL.h5;meas_MID00138_FID118939_SAG_T2.h5;meas_MID00401_FID111369_SAG_STIR.h5;meas_MID00322_FID115834_COR_T2.h5;meas_MID00050_FID135166_SAG_T2.h5;meas_MID00270_FID114808_SAG_T1.h5;meas_MID00353_FID111321_AX_T2.h5;meas_MID00463_FID110896_AX_T2.h5;meas_MID00174_FID125695_SAG_STIR.h5;meas_MID00062_FID135178_AX_T2_ANGLE_DISC.h5;meas_MID00255_FID115767_SAG_STIR.h5;meas_MID00103_FID130173_SAG_T1.h5;meas_MID00430_FID129390_COR_T2.h5;meas_MID00145_FID118946_SAG_T1.h5;meas_MID00046_FID135162_COR_T2.h5;meas_MID00102_FID130172_SAG_T2.h5;meas_MID00334_FID111302_AX_T2_ANGLE_DISC.h5;meas_MID00016_FID120712_COR_T2.h5;meas_MID00111_FID111079_COR_T2.h5;meas_MID00111_FID130181_AX_T2_P2.h5;meas_MID00151_FID113622_AX_T2_P2.h5;meas_MID00119_FID130189_COR_OBL_T1.h5;meas_MID00048_FID125569_SAG_T1.h5;meas_MID00331_FID111299_SAG_STIR.h5;meas_MID00277_FID135393_SAG_T1.h5;meas_MID00375_FID134020_AX_T2_P2.h5;meas_MID00278_FID135394_SAG_STIR.h5;meas_MID00362_FID116833_LT_COR_T2_OBL.h5;meas_MID00138_FID113609_SAG_T1.h5;meas_MID00456_FID125977_SAG_T1.h5;meas_MID00279_FID135395_AX_T2_ANGLE_DISC.h5;meas_MID00027_FID118828_LT_COR_T2_OBL.h5;meas_MID00211_FID125337_AX_T2_ANGLE_DISC.h5;meas_MID00132_FID121414_SAG_T2.h5;meas_MID00369_FID134014_SAG_T2.h5
SPINE,multicoil_train,multicoil_train.tar.part-00002,43,meas_MID00070_FID111038_SAG_T2.h5;meas_MID00072_FID114610_AX_T2_P2.h5;meas_MID00073_FID117971_COR_T2.h5;meas_MID00074_FID117574_COR_T2.h5;meas_MID00076_FID117576_SAG_T2.h5;meas_MID00077_FID112054_COR_T2.h5;meas_MID00077_FID117577_SAG_T1.h5;meas_MID00077_FID127126_COR_T2.h5;meas_MID00078_FID117578_SAG_STIR.h5;meas_MID00079_FID111047_AX_T2_ANGLE_DISC.h5;meas_MID00079_FID117977_SAG_T2.h5;meas_MID00079_FID127128_SAG_T2.h5;meas_MID00079_FID133724_COR_T2.h5;meas_MID00080_FID111048_AX_T2_P2.h5;meas_MID00080_FID117978_SAG_T1.h5;meas_MID00081_FID117979_AXIAL_T2.h5;meas_MID00081_FID124017_COR_T2.h5;meas_MID00081_FID133726_SAG_T2.h5;meas_MID00082_FID112059_SAG_T2.h5;meas_MID00082_FID127131_SAG_T1.h5;meas_MID00082_FID133727_SAG_T1.h5;meas_MID00083_FID112060_SAG_T1.h5;meas_MID00083_FID117981_SAG_STIR.h5;meas_MID00083_FID120779_COR_T2.h5;meas_MID00083_FID124019_SAG_T2.h5;meas_MID00083_FID127132_SAG_STIR.h5;meas_MID00083_FID133728_SAG_STIR.h5;meas_MID00084_FID112061_SAG_STIR.h5;meas_MID00084_FID117584_AX_T2_ANGLE_DISC.h5;meas_MID00084_FID117982_RT_COR_T2_OBL.h5;meas_MID00084_FID124020_SAG_T1.h5;meas_MID00085_FID117585_AX_T2_P2.h5;meas_MID00085_FID117983_LT_COR_T2_OBL.h5;meas_MID00085_FID124021_SAG_STIR.h5;meas_MID00085_FID134739_RT_COR_T2_OBL.h5;meas_MID00086_FID120782_SAG_T2.h5;meas_MID00086_FID124022_AX_T2_ANGLE_DISC.h5;meas_MID00086_FID127135_AX_T2_ANGLE_DISC.h5;meas_MID00086_FID134740_LT_COR_T2_OBL.h5;meas_MID00087_FID124023_AX_T2_P2.h5;meas_MID00088_FID120784_SAG_T1.h5;meas_MID00089_FID120785_SAG_STIR.h5;meas_MID00089_FID127138_AX_T2_P2.h5
SPINE,multicoil_train,multicoil_train.tar.part-00000,41,meas_MID00017_FID135133_COR_T2.h5;meas_MID00019_FID135135_SAG_T2.h5;meas_MID00020_FID110453_COR_T2.h5;meas_MID00020_FID114558_COR_T2.h5;meas_MID00020_FID115532_COR_T2.h5;meas_MID00021_FID135137_SAG_T1.h5;meas_MID00022_FID114560_SAG_T2.h5;meas_MID00022_FID115534_SAG_T2.h5;meas_MID00024_FID114562_SAG_T1.h5;meas_MID00025_FID114563_SAG_STIR.h5;meas_MID00025_FID115537_SAG_T1.h5;meas_MID00026_FID115538_SAG_STIR.h5;meas_MID00028_FID115540_AX_T2_ANGLE_DISC.h5;meas_MID00029_FID110462_SAG_T1.h5;meas_MID00029_FID114073_COR_T2.h5;meas_MID00030_FID114074_SAG_T2.h5;meas_MID00030_FID134146_COR_T2.h5;meas_MID00031_FID114075_SAG_T1.h5;meas_MID00031_FID114569_AX_T2_ANGLE_DISC.h5;meas_MID00031_FID132224_COR_T2.h5;meas_MID00032_FID114076_SAG_STIR.h5;meas_MID00032_FID135148_AX_T2_ANGLE_DISC.h5;meas_MID00033_FID132226_SAG_T2.h5;meas_MID00033_FID135149_AX_T2_P2.h5;meas_MID00034_FID115546_AX_T2_P2.h5;meas_MID00034_FID132227_SAG_T1.h5;meas_MID00035_FID132228_SAG_STIR.h5;meas_MID00036_FID116507_COR_T2.h5;meas_MID00036_FID132229_AX_T2_ANGLE_DISC.h5;meas_MID00037_FID114575_AX_T2_P2.h5;meas_MID00037_FID134153_SAG_T2.h5;meas_MID00038_FID116509_SAG_T2.h5;meas_MID00039_FID134155_SAG_T1.h5;meas_MID00040_FID110473_AX_T2_P2.h5;meas_MID00040_FID111008_COR_T2.h5;meas_MID00040_FID115552_AX_T2_P2.h5;meas_MID00040_FID116511_SAG_T1.h5;meas_MID00040_FID134156_SAG_STIR.h5;meas_MID00042_FID114086_AX_T2.h5;meas_MID00042_FID116513_SAG_STIR.h5;meas_MID00042_FID132235_AX_T2_P2.h5
SPINE,multicoil_val,multicoil_val.tar.part-00002,41,meas_MID00305_FID115817_AX_T2_P2.h5;meas_MID00403_FID115915_SAG_STIR.h5;meas_MID00367_FID117867_SAG_T2.h5;meas_MID00299_FID115811_SAG_STIR.h5;meas_MID00203_FID113173_SAG_STIR.h5;meas_MID00087_FID130157_AX_T2.h5;meas_MID00380_FID115892_COR_T2.h5;meas_MID00139_FID117639_SAG_STIR.h5;meas_MID00107_FID114151_SAG_STIR.h5;meas_MID00138_FID121906_COR_T2.h5;meas_MID00086_FID135202_AX_T2_ANGLE_DISC.h5;meas_MID00387_FID115899_SAG_T1.h5;meas_MID00405_FID113876_SAG_T1.h5;meas_MID00285_FID125806_SAG_T1.h5;meas_MID00462_FID121744_LT_COR_T2_OBL.h5;meas_MID00343_FID115294_SAG_T2_TGSE.h5;meas_MID00334_FID114872_AX_T2_P2.h5;meas_MID00401_FID113872_SAG_T2.h5;meas_MID00460_FID128509_AX_T2_P2.h5;meas_MID00138_FID117638_SAG_T1.h5;meas_MID00429_FID130499_SAG_T1.h5;meas_MID00402_FID115914_SAG_T1.h5;meas_MID00398_FID134043_AX_T2.h5;meas_MID00206_FID113176_AX_T2_ANGLE_DISC.h5;meas_MID00469_FID134114_SAG_T1.h5;meas_MID00438_FID130508_AX_T2_P2.h5;meas_MID00128_FID125254_AX_T2_ANGLE_DISC.h5;meas_MID00018_FID117916_SAG_T2.h5;meas_MID00121_FID125247_COR_T2.h5;meas_MID00083_FID130153_AX_T2_ANGLE_DISC.h5;meas_MID00124_FID133769_AX_T2_ANGLE_DISC.h5;meas_MID00461_FID121743_RT_COR_T2_OBL.h5;meas_MID00371_FID117871_SAG_T1.h5;meas_MID00390_FID115902_SAG_STIR.h5;meas_MID00143_FID121911_SAG_T1.h5;meas_MID00422_FID130492_COR_T2.h5;meas_MID00208_FID115159_SAG_STIR_TGSE.h5;meas_MID00449_FID121731_COR_T2.h5;meas_MID00117_FID118918_SAG_T2.h5;meas_MID00079_FID135195_SAG_T1.h5;meas_MID00472_FID134117_AX_T2.h5
SPINE,multicoil_train,multicoil_train.tar.part-00017,40,meas_MID00340_FID128848_SAG_T2.h5;meas_MID00340_FID132533_AX_T2_ANGLE_DISC.h5;meas_MID00341_FID113812_SAG_T2.h5;meas_MID00341_FID114385_AX_T2_P2.h5;meas_MID00342_FID113813_SAG_T1.h5;meas_MID00342_FID118673_COR_T2.h5;meas_MID00342_FID128850_SAG_T1.h5;meas_MID00343_FID113814_SAG_STIR.h5;meas_MID00343_FID118674_SAG_T2.h5;meas_MID00343_FID128851_SAG_STIR.h5;meas_MID00343_FID133988_SAG_T1.h5;meas_MID00344_FID132537_AX_T2_P2.h5;meas_MID00344_FID133989_AX_T2.h5;meas_MID00345_FID110778_COR_T2.h5;meas_MID00346_FID121628_SAG_T1_WARP.h5;meas_MID00346_FID133991_SAG_STIR.h5;meas_MID00347_FID133992_RT_COR_T2_OBL.h5;meas_MID00348_FID110781_SAG_STIR.h5;meas_MID00348_FID114886_COR_T2.h5;meas_MID00348_FID118246_COR_T2.h5;meas_MID00348_FID121630_AX_T2.h5;meas_MID00348_FID133993_LT_COR_T2_OBL.h5;meas_MID00349_FID113820_AX_T2_ANGLE_DISC.h5;meas_MID00349_FID118680_SAG_T1.h5;meas_MID00349_FID128857_AX_T2_ANGLE_DISC.h5;meas_MID00349_FID133994_AX_T2.h5;meas_MID00350_FID113821_AX_T2_P2.h5;meas_MID00350_FID118248_SAG_T2.h5;meas_MID00350_FID118681_AXIAL_T2.h5;meas_MID00350_FID128858_AX_T2.h5;meas_MID00351_FID114889_SAG_T2.h5;meas_MID00351_FID118249_SAG_T1.h5;meas_MID00352_FID114890_SAG_T1.h5;meas_MID00352_FID118250_SAG_STIR.h5;meas_MID00352_FID118683_SAG_STIR.h5;meas_MID00352_FID132545_AX_T1_PRE.h5;meas_MID00353_FID114891_SAG_STIR.h5;meas_MID00353_FID118684_RT_COR_T2_OBL.h5;meas_MID00354_FID114892_AX_T2_ANGLE_DISC.h5;meas_MID00354_FID118685_LT_COR_T2_OBL.h5
SPINE,multicoil_train,multicoil_train.tar.part-00005,38,meas_MID00134_FID118032_SAG_T1.h5;meas_MID00135_FID118033_SAG_STIR.h5;meas_MID00136_FID111104_COR_T2.h5;meas_MID00136_FID112113_SAG_T2.h5;meas_MID00136_FID115087_AX_T2_P2.h5;meas_MID00136_FID127185_COR_T2.h5;meas_MID00136_FID132329_SAG_T2.h5;meas_MID00137_FID111105_SAG_T2.h5;meas_MID00137_FID112114_SAG_T1.h5;meas_MID00137_FID132330_SAG_T1.h5;meas_MID00138_FID112115_SAG_STIR.h5;meas_MID00138_FID132331_SAG_STIR.h5;meas_MID00139_FID132332_AX_T2_ANGLE_DISC.h5;meas_MID00142_FID115093_AX_T2_ANGLE_DISC.h5;meas_MID00142_FID127191_SAG_T2.h5;meas_MID00143_FID111111_AXIAL_T2.h5;meas_MID00143_FID127192_SAG_T1.h5;meas_MID00144_FID114682_COR_T2.h5;meas_MID00144_FID118042_AX_T2_P2.h5;meas_MID00144_FID127193_AXIAL_T2.h5;meas_MID00145_FID115657_COR_T2.h5;meas_MID00145_FID118043_AX_T2_ANGLE_DISC.h5;meas_MID00145_FID132338_AX_T2_P2.h5;meas_MID00146_FID115658_SAG_T2.h5;meas_MID00146_FID127195_SAG_STIR.h5;meas_MID00147_FID112124_AX_T2_P2.h5;meas_MID00148_FID111116_SAG_T1.h5;meas_MID00149_FID112126_AX_T2_ANGLE_DISC.h5;meas_MID00150_FID114688_SAG_T2.h5;meas_MID00150_FID115662_SAG_T1.h5;meas_MID00150_FID127199_RT_COR_T2_OBL.h5;meas_MID00151_FID114689_SAG_T1.h5;meas_MID00151_FID127200_LT_COR_T2_OBL.h5;meas_MID00152_FID114690_SAG_STIR.h5;meas_MID00153_FID114691_AX_T2_ANGLE_DISC.h5;meas_MID00153_FID115665_AXIAL_T2.h5;meas_MID00154_FID111122_LT_COR_T2_OBL.h5;meas_MID00155_FID115667_SAG_STIR.h5
SPINE,multicoil_train,multicoil_train.tar.part-00021,38,meas_MID00414_FID114458_SAG_STIR.h5;meas_MID00414_FID121110_LT_COR_T2_OBL.h5;meas_MID00414_FID128463_COR_T2.h5;meas_MID00415_FID129375_SAG_STIR.h5;meas_MID00416_FID124352_AX_T2_P2.h5;meas_MID00416_FID129376_RT_COR_T2_OBL.h5;meas_MID00416_FID134061_SAG_T1.h5;meas_MID00417_FID114461_AX_T2_ANGLE_DISC.h5;meas_MID00417_FID129377_LT_COR_T2_OBL.h5;meas_MID00419_FID113890_COR_T2.h5;meas_MID00419_FID134064_AX_T2.h5;meas_MID00420_FID113891_SAG_T2.h5;meas_MID00420_FID114464_AX_T2_P2.h5;meas_MID00420_FID128469_SAG_T2.h5;meas_MID00421_FID128470_SAG_T1.h5;meas_MID00421_FID134066_SAG_STIR.h5;meas_MID00422_FID124358_AX_T2.h5;meas_MID00422_FID128471_SAG_STIR.h5;meas_MID00422_FID134067_RT_COR_T2_OBL.h5;meas_MID00423_FID119224_COR_T2.h5;meas_MID00423_FID128472_AX_T2_ANGLE_DISC.h5;meas_MID00423_FID134068_LT_COR_T2_OBL.h5;meas_MID00424_FID113895_SAG_T1.h5;meas_MID00426_FID119227_SAG_T2.h5;meas_MID00427_FID113898_AX_T2.h5;meas_MID00427_FID119228_SAG_T1.h5;meas_MID00428_FID120664_COR_T2.h5;meas_MID00429_FID111397_COR_T2.h5;meas_MID00429_FID113900_SAG_STIR.h5;meas_MID00429_FID120665_SAG_T2.h5;meas_MID00429_FID128478_AX_T2.h5;meas_MID00430_FID111398_SAG_T2.h5;meas_MID00430_FID113901_RT_COR_T2_OBL.h5;meas_MID00430_FID119231_AX_T2_P2.h5;meas_MID00431_FID119232_SAG_STIR.h5;meas_MID00433_FID115384_COR_T2.h5;meas_MID00433_FID120669_SAG_T1.h5;meas_MID00434_FID119235_AX_T2_ANGLE_DISC.h5
SPINE,multicoil_train,multicoil_train.tar.part-00024,38,meas_MID00483_FID126494_COR_T2.h5;meas_MID00484_FID115435_AX_T2_P2.h5;meas_MID00484_FID126495_SAG_T2.h5;meas_MID00486_FID114530_SAG_T1.h5;meas_MID00488_FID126009_AX_T2_P2.h5;meas_MID00488_FID126499_SAG_T1.h5;meas_MID00491_FID126502_AX_T2.h5;meas_MID00492_FID114536_AXIAL_T2.h5;meas_MID00493_FID112470_COR_T2.h5;meas_MID00493_FID126504_SAG_STIR.h5;meas_MID00494_FID114538_SAG_STIR.h5;meas_MID00494_FID126505_RT_COR_T2_OBL.h5;meas_MID00495_FID112472_SAG_T2.h5;meas_MID00495_FID114539_RT_COR_T2_OBL.h5;meas_MID00495_FID126016_AX_T2.h5;meas_MID00495_FID126506_LT_COR_T2_OBL.h5;meas_MID00496_FID112473_SAG_T1.h5;meas_MID00496_FID114540_LT_COR_T2_OBL.h5;meas_MID00496_FID126507_SAG_T1.h5;meas_MID00497_FID112474_SAG_STIR.h5;meas_MID00497_FID114541_SAG_T1.h5;meas_MID00498_FID112475_AX_T2_ANGLE_DISC.h5;meas_MID00501_FID112478_AX_T2_P2.h5;meas_MID00501_FID132129_COR_T2.h5;meas_MID00503_FID132131_SAG_T2.h5;meas_MID00504_FID132132_SAG_T1.h5;meas_MID00505_FID132133_SAG_STIR.h5;meas_MID00506_FID132134_AX_T2_ANGLE_DISC.h5;meas_MID00507_FID110940_SAG_T2.h5;meas_MID00507_FID130577_COR_T2.h5;meas_MID00508_FID110941_SAG_T1.h5;meas_MID00509_FID110942_SAG_STIR.h5;meas_MID00510_FID130580_SAG_T2.h5;meas_MID00511_FID130581_SAG_T1.h5;meas_MID00512_FID130582_SAG_STIR.h5;meas_MID00512_FID132140_AX_T2_P2.h5;meas_MID00518_FID110951_AX_T2.h5;meas_MID00518_FID130588_AX_T2_T_SP.h5
SPINE,multicoil_train,multicoil_train.tar.part-00009,37,meas_MID00211_FID124147_AX_T2_P2.h5;meas_MID00213_FID132406_RT_COR_T2_OBL.h5;meas_MID00214_FID132407_LT_COR_T2_OBL.h5;meas_MID00215_FID118113_AX_T2_T_SP.h5;meas_MID00216_FID121984_COR_T2.h5;meas_MID00216_FID124152_AX_T2_ANGLE_DISC.h5;meas_MID00216_FID128724_COR_T2.h5;meas_MID00217_FID128725_SAG_T2.h5;meas_MID00218_FID128726_SAG_T1.h5;meas_MID00219_FID121501_COR_T2.h5;meas_MID00219_FID128727_SAG_STIR.h5;meas_MID00220_FID115732_COR_T2.h5;meas_MID00220_FID121988_SAG_T2.h5;meas_MID00220_FID125741_SAG_T2.h5;meas_MID00220_FID128728_AX_T2.h5;meas_MID00221_FID121503_SAG_T2.h5;meas_MID00221_FID121989_SAG_T1.h5;meas_MID00221_FID125742_AXIAL_T2.h5;meas_MID00222_FID113192_COR_T2.h5;meas_MID00222_FID121504_SAG_T1.h5;meas_MID00222_FID121990_SAG_STIR.h5;meas_MID00223_FID113193_SAG_T2.h5;meas_MID00223_FID115735_SAG_T2.h5;meas_MID00223_FID121505_SAG_STIR.h5;meas_MID00223_FID121991_AX_T2_ANGLE_DISC.h5;meas_MID00223_FID132416_COR_T2.h5;meas_MID00224_FID121992_AX_T2.h5;meas_MID00224_FID124160_COR_T2.h5;meas_MID00224_FID132417_SAG_T2.h5;meas_MID00225_FID115737_SAG_T1.h5;meas_MID00226_FID115738_SAG_STIR.h5;meas_MID00226_FID124162_SAG_T2.h5;meas_MID00226_FID126783_COR_T2.h5;meas_MID00226_FID128734_AX_T2.h5;meas_MID00226_FID135342_COR_T2.h5;meas_MID00227_FID113197_SAG_T1.h5;meas_MID00227_FID115739_AX_T2_ANGLE_DISC.h5
SPINE,multicoil_train,multicoil_train.tar.part-00015,37,meas_MID00293_FID124229_SAG_STIR.h5;meas_MID00294_FID122062_COR_T2.h5;meas_MID00294_FID124230_AX_T2_ANGLE_DISC.h5;meas_MID00294_FID130364_COR_T2.h5;meas_MID00295_FID122063_SAG_T2.h5;meas_MID00296_FID130366_SAG_T2.h5;meas_MID00297_FID130367_SAG_T1.h5;meas_MID00299_FID122067_SAG_T1.h5;meas_MID00300_FID135416_COR_T2.h5;meas_MID00301_FID130371_AX_T2_ANGLE_DISC.h5;meas_MID00302_FID122070_AX_T2.h5;meas_MID00302_FID135418_SAG_T2.h5;meas_MID00303_FID135419_SAG_T1.h5;meas_MID00304_FID122072_SAG_STIR.h5;meas_MID00304_FID130374_AX_T2_P2.h5;meas_MID00304_FID135420_SAG_STIR.h5;meas_MID00305_FID135421_AX_T2_ANGLE_DISC.h5;meas_MID00306_FID120542_COR_T2.h5;meas_MID00306_FID134960_COR_T2.h5;meas_MID00307_FID120543_SAG_T2.h5;meas_MID00307_FID124243_COR_T2.h5;meas_MID00309_FID124245_SAG_T2.h5;meas_MID00310_FID122078_RT_COR_T2_OBL.h5;meas_MID00310_FID124246_SAG_T1.h5;meas_MID00310_FID134964_SAG_T2.h5;meas_MID00310_FID135426_AX_T2_P2.h5;meas_MID00311_FID122079_LT_COR_T2_OBL.h5;meas_MID00311_FID134965_SAG_T1.h5;meas_MID00312_FID110745_COR_T2.h5;meas_MID00312_FID111811_COR_T2.h5;meas_MID00312_FID134966_SAG_STIR.h5;meas_MID00313_FID124249_SAG_STIR.h5;meas_MID00315_FID120551_SAG_T1.h5;meas_MID00316_FID111815_SAG_T2.h5;meas_MID00316_FID112293_COR_T2.h5;meas_MID00316_FID120552_AXIAL_T2.h5;meas_MID00316_FID128824_COR_T2.h5
SPINE,multicoil_train,multicoil_train.tar.part-00023,36,meas_MID00457_FID119258_AX_T2_ANGLE_DISC.h5;meas_MID00458_FID112435_RT_COR_T2_OBL.h5;meas_MID00458_FID115970_SAG_T1.h5;meas_MID00458_FID119259_AX_T2_P2.h5;meas_MID00458_FID132086_AX_T2_P2.h5;meas_MID00459_FID112436_LT_COR_T2_OBL.h5;meas_MID00459_FID115971_SAG_STIR.h5;meas_MID00459_FID127016_RT_COR_T2_OBL.h5;meas_MID00460_FID115972_AX_T2_ANGLE_DISC.h5;meas_MID00460_FID127017_LT_COR_T2_OBL.h5;meas_MID00460_FID130035_AX_T2_T_SP.h5;meas_MID00463_FID132091_SAG_T1.h5;meas_MID00465_FID112442_COR_T2.h5;meas_MID00466_FID115978_AX_T2_P2.h5;meas_MID00466_FID127023_COR_T2.h5;meas_MID00467_FID127024_SAG_T2.h5;meas_MID00468_FID112445_SAG_T2.h5;meas_MID00468_FID127025_SAG_T1.h5;meas_MID00469_FID112446_SAG_T1.h5;meas_MID00469_FID127026_SAG_STIR.h5;meas_MID00470_FID112447_SAG_STIR.h5;meas_MID00471_FID115422_COR_T2.h5;meas_MID00472_FID127029_AX_T2_T_SP.h5;meas_MID00473_FID112450_AX_T2_T_SP.h5;meas_MID00473_FID115424_SAG_T2.h5;meas_MID00474_FID115425_SAG_T1.h5;meas_MID00475_FID115426_SAG_STIR.h5;meas_MID00477_FID125998_COR_T2.h5;meas_MID00478_FID125999_SAG_T2.h5;meas_MID00478_FID127035_AX_T2_T_SP.h5;meas_MID00479_FID112456_AX_T2_T_SP.h5;meas_MID00479_FID126000_SAG_T1.h5;meas_MID00480_FID126001_SAG_STIR.h5;meas_MID00481_FID114525_COR_T2.h5;meas_MID00481_FID115432_AX_T2_ANGLE_DISC.h5;meas_MID00482_FID114526_SAG_T2.h5
SPINE,multicoil_val,multicoil_val.tar.part-00005,36,meas_MID00141_FID130211_AX_T2_P2.h5;meas_MID00325_FID113295_SAG_T2.h5;meas_MID00123_FID114167_AX_T2.h5;meas_MID00351_FID116348_LT_COR_T2_OBL.h5;meas_MID00033_FID117931_AX_T2_P2.h5;meas_MID00306_FID114844_AX_T2_P2.h5;meas_MID00201_FID113171_SAG_T2.h5;meas_MID00021_FID117919_SAG_STIR.h5;meas_MID00130_FID130200_COR_T2.h5;meas_MID00124_FID125250_SAG_T1.h5;meas_MID00427_FID130497_SAG_T2.h5;meas_MID00119_FID118920_SAG_T1.h5;meas_MID00455_FID121737_SAG_T2.h5;meas_MID00394_FID134039_SAG_STIR.h5;meas_MID00296_FID115808_SAG_T2.h5;meas_MID00252_FID118150_SAG_T2.h5;meas_MID00300_FID114838_SAG_T2.h5;meas_MID00250_FID118148_COR_T2.h5;meas_MID00134_FID125260_AX_T2_P2.h5;meas_MID00079_FID130149_SAG_T1.h5;meas_MID00120_FID118921_SAG_STIR.h5;meas_MID00449_FID128498_COR_T2.h5;meas_MID00140_FID130210_AX_T2_ANGLE_DISC.h5;meas_MID00306_FID115818_AX_T2_ANGLE_DISC.h5;meas_MID00401_FID115913_SAG_T2.h5;meas_MID00298_FID125819_AX_T2_P2.h5;meas_MID00077_FID130147_COR_T2.h5;meas_MID00430_FID130500_SAG_STIR.h5;meas_MID00305_FID114843_AX_T2_ANGLE_DISC.h5;meas_MID00393_FID134038_SAG_T1.h5;meas_MID00430_FID115942_SAG_T2.h5;meas_MID00194_FID115145_SAG_T2_TGSE.h5;meas_MID00346_FID116343_SAG_T1.h5;meas_MID00115_FID118916_COR_T2.h5;meas_MID00105_FID114149_SAG_T2.h5;meas_MID00282_FID125803_COR_T2.h5
SPINE,multicoil_train,multicoil_train.tar.part-00001,35,meas_MID00043_FID116514_AX_T2_ANGLE_DISC.h5;meas_MID00045_FID111013_SAG_T1.h5;meas_MID00045_FID116516_AX_T2_P2.h5;meas_MID00045_FID120741_COR_T2.h5;meas_MID00046_FID111014_SAG_STIR.h5;meas_MID00046_FID120742_SAG_T2.h5;meas_MID00046_FID134162_AX_T2_P2.h5;meas_MID00047_FID120743_SAG_T1.h5;meas_MID00047_FID134163_AX_T2_ANGLE_DISC.h5;meas_MID00048_FID114092_AX_T2.h5;meas_MID00048_FID120744_SAG_STIR.h5;meas_MID00048_FID128556_COR_T2.h5;meas_MID00049_FID114093_AX_T2_ANGLE_DISC.h5;meas_MID00049_FID128557_SAG_T2.h5;meas_MID00050_FID114588_COR_T2.h5;meas_MID00050_FID128558_SAG_T1.h5;meas_MID00051_FID128559_SAG_STIR.h5;meas_MID00052_FID114590_SAG_T2.h5;meas_MID00053_FID115565_COR_T2.h5;meas_MID00054_FID114592_SAG_T1.h5;meas_MID00054_FID120750_AX_T2_ANGLE_DISC.h5;meas_MID00055_FID114593_SAG_STIR.h5;meas_MID00055_FID128563_AX_T2_ANGLE_DISC.h5;meas_MID00056_FID128564_AX_T2.h5;meas_MID00059_FID115571_SAG_T2.h5;meas_MID00060_FID115572_SAG_T1.h5;meas_MID00060_FID120756_AX_T2.h5;meas_MID00061_FID115573_AXIAL_T2.h5;meas_MID00062_FID114600_AX_T2_ANGLE_DISC.h5;meas_MID00063_FID115575_SAG_STIR.h5;meas_MID00064_FID115576_RT_COR_T2_OBL.h5;meas_MID00065_FID115577_LT_COR_T2_OBL.h5;meas_MID00066_FID114604_AX_T2_P2.h5;meas_MID00066_FID120762_AX_T2.h5;meas_MID00067_FID111035_COR_T2.h5
SPINE,multicoil_test,multicoil_test.tar.part-00000,33,meas_MID00134_FID121416_SAG_T1.h5;meas_MID00440_FID121136_SAG_STIR.h5;meas_MID00393_FID117893_SAG_T1.h5;meas_MID00370_FID134015_SAG_T1.h5;meas_MID00464_FID125985_AX_T2.h5;meas_MID00267_FID114805_SAG_T2.h5;meas_MID00407_FID111375_AX_T2_ANGLE_DISC.h5;meas_MID00023_FID118824_SAG_T1.h5;meas_MID00180_FID110613_SAG_T2.h5;meas_MID00216_FID117716_AX_T2_TGSE.h5;meas_MID00431_FID121713_SAG_T1.h5;meas_MID00051_FID135167_SAG_T1.h5;meas_MID00049_FID125570_SAG_STIR.h5;meas_MID00434_FID129394_SAG_T2.h5;meas_MID00435_FID121717_AX_T2_ANGLE_DISC.h5;meas_MID00357_FID116828_SAG_T1.h5;meas_MID00147_FID118948_SAG_STIR.h5;meas_MID00025_FID118826_SAG_STIR.h5;meas_MID00458_FID125979_AX_T2_ANGLE_DISC.h5;meas_MID00455_FID125976_SAG_T2.h5;meas_MID00143_FID121425_AX_T2_P2.h5;meas_MID00035_FID125556_AX_T2_P2.h5;meas_MID00090_FID113561_COR_T2.h5;meas_MID00100_FID130170_COR_T2.h5;meas_MID00018_FID118819_AXIAL_T2.h5;meas_MID00449_FID121145_AX_T2_ANGLE_DISC.h5;meas_MID00358_FID116829_AXIAL_T2.h5;meas_MID00022_FID125543_SAG_T2.h5;meas_MID00372_FID134017_AX_T2_ANGLE_DISC.h5;meas_MID00271_FID114809_SAG_STIR.h5;meas_MID00135_FID121417_SAG_STIR.h5;meas_MID00326_FID115838_SAG_STIR.h5;meas_MID00190_FID126747_SAG_T1.h5
SPINE,multicoil_val,multicoil_val.tar.part-00000,33,meas_MID00118_FID133763_SAG_T2.h5;meas_MID00349_FID116346_SAG_STIR.h5;meas_MID00209_FID113179_AX_T2.h5;meas_MID00284_FID125805_SAG_T2.h5;meas_MID00160_FID117660_COR_T2.h5;meas_MID00119_FID133764_SAG_T1.h5;meas_MID00452_FID128501_SAG_T1.h5;meas_MID00286_FID125807_SAG_STIR.h5;meas_MID00459_FID128508_AX_T2_ANGLE_DISC.h5;meas_MID00133_FID117633_COR_T2.h5;meas_MID00253_FID118151_SAG_T1.h5;meas_MID00456_FID121738_SAG_T1.h5;meas_MID00398_FID115910_COR_T2.h5;meas_MID00453_FID128502_SAG_STIR.h5;meas_MID00334_FID113304_LT_COR_T2_OBL.h5;meas_MID00386_FID134031_COR_T2.h5;meas_MID00291_FID125812_AX_T2_ANGLE_DISC.h5;meas_MID00374_FID117874_SAG_STIR.h5;meas_MID00432_FID115944_SAG_STIR.h5;meas_MID00254_FID118152_SAG_STIR.h5;meas_MID00202_FID113172_SAG_T1.h5;meas_MID00409_FID115921_AX_T2.h5;meas_MID00392_FID134037_SAG_T2.h5;meas_MID00475_FID134120_RT_COR_T2_OBL.h5;meas_MID00426_FID115938_COR_T2.h5;meas_MID00085_FID134201_COR_T2.h5;meas_MID00354_FID115305_AX_T2_TGSE.h5;meas_MID00147_FID117647_AX_T2.h5;meas_MID00438_FID115950_AX_T2_P2.h5;meas_MID00323_FID114861_COR_T2.h5;meas_MID00363_FID117863_COR_T2.h5;meas_MID00391_FID115903_RT_COR_T2_OBL.h5;meas_MID00296_FID114834_COR_T2.h5
SPINE,multicoil_train,multicoil_train.tar.part-00004,32,meas_MID00108_FID127157_SAG_T2.h5;meas_MID00109_FID112086_AX_T2_ANGLE_DISC.h5;meas_MID00109_FID127158_SAG_T1.h5;meas_MID00110_FID127159_SAG_STIR.h5;meas_MID00111_FID117611_AX_T2_ANGLE_DISC.h5;meas_MID00114_FID117614_AX_T2_P2.h5;meas_MID00115_FID111614_COR_T2.h5;meas_MID00115_FID112092_AX_T2_P2.h5;meas_MID00116_FID111615_SAG_T2.h5;meas_MID00120_FID127169_AX_T2_ANGLE_DISC.h5;meas_MID00121_FID115072_COR_T2.h5;meas_MID00121_FID126678_COR_T2.h5;meas_MID00121_FID127170_AX_T2_P2.h5;meas_MID00122_FID111621_SAG_T1.h5;meas_MID00123_FID126680_SAG_T2.h5;meas_MID00124_FID115075_SAG_T2.h5;meas_MID00124_FID126681_SAG_T1.h5;meas_MID00125_FID126682_SAG_STIR.h5;meas_MID00126_FID111625_AXIAL_T2.h5;meas_MID00126_FID115077_SAG_T1.h5;meas_MID00126_FID126683_AX_T2_P2.h5;meas_MID00127_FID111626_SAG_STIR.h5;meas_MID00127_FID115078_SAG_STIR.h5;meas_MID00127_FID126684_AX_T2_ANGLE_DISC.h5;meas_MID00128_FID111627_SAG_T2.h5;meas_MID00129_FID111628_RT_COR_T2_OBL.h5;meas_MID00129_FID118027_COR_T2.h5;meas_MID00130_FID111629_LT_COR_T2_OBL.h5;meas_MID00132_FID112109_COR_T2.h5;meas_MID00132_FID118030_SAG_T2.h5;meas_MID00132_FID132325_COR_T2.h5;meas_MID00133_FID115084_AX_T2_P2.h5
SPINE,multicoil_train,multicoil_train.tar.part-00018,32,meas_MID00355_FID118253_AX_T2_ANGLE_DISC.h5;meas_MID00357_FID114401_COR_T2.h5;meas_MID00357_FID114895_AX_T2.h5;meas_MID00359_FID110792_AX_T2_ANGLE_DISC.h5;meas_MID00359_FID112336_COR_T2.h5;meas_MID00360_FID110793_AX_T2.h5;meas_MID00360_FID112337_SAG_T2.h5;meas_MID00360_FID121642_COR_T2.h5;meas_MID00361_FID118259_AX_T2_P2.h5;meas_MID00361_FID121643_SAG_T2.h5;meas_MID00362_FID112339_SAG_T1.h5;meas_MID00363_FID112340_SAG_STIR.h5;meas_MID00363_FID114407_SAG_T2.h5;meas_MID00363_FID132556_COR_T2.h5;meas_MID00364_FID112341_SAG_T2.h5;meas_MID00364_FID124300_COR_T2.h5;meas_MID00365_FID112342_AX_T2_ANGLE_DISC.h5;meas_MID00365_FID114409_SAG_T1.h5;meas_MID00365_FID123731_COR_T2.h5;meas_MID00365_FID124301_SAG_T2.h5;meas_MID00365_FID132558_SAG_T2.h5;meas_MID00366_FID113837_COR_T2.h5;meas_MID00366_FID114410_SAG_STIR.h5;meas_MID00367_FID121649_SAG_T1.h5;meas_MID00367_FID123733_SAG_T2.h5;meas_MID00368_FID112345_AX_T2.h5;meas_MID00368_FID121650_AXIAL_T2.h5;meas_MID00368_FID123734_SAG_T1.h5;meas_MID00369_FID114413_AX_T2_ANGLE_DISC.h5;meas_MID00370_FID113841_SAG_T2.h5;meas_MID00370_FID114414_AX_T2.h5;meas_MID00370_FID121652_SAG_STIR.h5
SPINE,multicoil_val,multicoil_val.tar.part-00003,32,meas_MID00415_FID115927_AX_T2.h5;meas_MID00350_FID116347_RT_COR_T2_OBL.h5;meas_MID00142_FID121910_SAG_T2.h5;meas_MID00080_FID135196_SAG_STIR.h5;meas_MID00365_FID115316_COR_T2_TGSE.h5;meas_MID00088_FID134204_SAG_T2.h5;meas_MID00144_FID121912_SAG_STIR.h5;meas_MID00372_FID117872_AXIAL_T2.h5;meas_MID00465_FID134110_SAG_T2.h5;meas_MID00117_FID114161_AX_T2.h5;meas_MID00330_FID113300_AX_T2.h5;meas_MID00375_FID117875_RT_COR_T2_OBL.h5;meas_MID00294_FID115806_COR_T2.h5;meas_MID00127_FID133772_AX_T2_P2.h5;meas_MID00376_FID117876_LT_COR_T2_OBL.h5;meas_MID00019_FID117917_SAG_T1.h5;meas_MID00179_FID117679_AX_T2.h5;meas_MID00132_FID130202_SAG_T2.h5;meas_MID00090_FID135206_AX_T2_P2.h5;meas_MID00439_FID115951_AX_T2_ANGLE_DISC.h5;meas_MID00145_FID121913_AX_T2_ANGLE_DISC.h5;meas_MID00400_FID113871_COR_T2.h5;meas_MID00392_FID115904_LT_COR_T2_OBL.h5;meas_MID00015_FID117913_COR_T2.h5;meas_MID00298_FID115810_SAG_T1.h5;meas_MID00339_FID116336_COR_T2.h5;meas_MID00476_FID134121_LT_COR_T2_OBL.h5;meas_MID00144_FID117644_AX_T2_ANGLE_DISC.h5;meas_MID00268_FID118166_AX_T2_ANGLE_DISC.h5;meas_MID00202_FID115153_AX_T2_TGSE.h5;meas_MID00071_FID135187_COR_T2.h5;meas_MID00137_FID117637_SAG_T2.h5
SPINE,multicoil_train,multicoil_train.tar.part-00006,31,meas_MID00156_FID114694_AX_T2.h5;meas_MID00156_FID115107_COR_T2.h5;meas_MID00156_FID115668_RT_COR_T2_OBL.h5;meas_MID00156_FID124092_COR_T2.h5;meas_MID00157_FID115108_SAG_T2.h5;meas_MID00157_FID115669_LT_COR_T2_OBL.h5;meas_MID00157_FID121439_COR_T2.h5;meas_MID00158_FID124094_SAG_T2.h5;meas_MID00159_FID114697_AX_T2.h5;meas_MID00159_FID121441_SAG_T2.h5;meas_MID00159_FID126716_COR_T2.h5;meas_MID00160_FID121442_SAG_T1.h5;meas_MID00160_FID126717_SAG_T2.h5;meas_MID00161_FID121443_SAG_STIR.h5;meas_MID00161_FID124097_SAG_T1.h5;meas_MID00163_FID124099_SAG_STIR.h5;meas_MID00164_FID124100_AX_T2_ANGLE_DISC.h5;meas_MID00165_FID111133_COR_T2.h5;meas_MID00165_FID126722_AX_T2.h5;meas_MID00166_FID126723_SAG_T1.h5;meas_MID00168_FID111136_SAG_T2.h5;meas_MID00168_FID126725_SAG_STIR.h5;meas_MID00170_FID111138_SAG_T1.h5;meas_MID00170_FID115121_SAG_T2.h5;meas_MID00171_FID111139_SAG_STIR.h5;meas_MID00171_FID115122_SAG_T1.h5;meas_MID00171_FID121453_AX_T2_P2.h5;meas_MID00173_FID113644_COR_T2.h5;meas_MID00173_FID115124_AXIAL_T2.h5;meas_MID00174_FID113645_SAG_T2.h5;meas_MID00174_FID118072_COR_T2.h5
SPINE,multicoil_train,multicoil_train.tar.part-00007,31,meas_MID00174_FID126731_RT_COR_T2_OBL.h5;meas_MID00175_FID115126_SAG_STIR.h5;meas_MID00175_FID118073_SAG_T2.h5;meas_MID00175_FID126732_LT_COR_T2_OBL.h5;meas_MID00176_FID115127_RT_COR_T2_OBL.h5;meas_MID00177_FID115128_LT_COR_T2_OBL.h5;meas_MID00177_FID121459_AX_T2_P2.h5;meas_MID00178_FID121460_AX_T2_ANGLE_DISC.h5;meas_MID00178_FID124114_AX_T2_P2.h5;meas_MID00180_FID118078_SAG_T1.h5;meas_MID00182_FID113653_SAG_T1.h5;meas_MID00183_FID113654_AXIAL_T2.h5;meas_MID00183_FID128691_COR_T2.h5;meas_MID00183_FID133828_COR_T2.h5;meas_MID00184_FID128692_SAG_T2.h5;meas_MID00185_FID113656_SAG_STIR.h5;meas_MID00185_FID133830_SAG_T2.h5;meas_MID00186_FID113657_RT_COR_T2_OBL.h5;meas_MID00186_FID118084_AXIAL_T2.h5;meas_MID00186_FID133831_SAG_T1.h5;meas_MID00187_FID113658_LT_COR_T2_OBL.h5;meas_MID00187_FID133832_SAG_STIR.h5;meas_MID00189_FID121471_SAG_T1_PAT2_PG_FS.h5;meas_MID00190_FID111158_COR_T2.h5;meas_MID00190_FID115702_COR_T2.h5;meas_MID00191_FID115703_SAG_T2.h5;meas_MID00192_FID115704_SAG_T1.h5;meas_MID00192_FID128700_SAG_T1.h5;meas_MID00193_FID115705_SAG_STIR.h5;meas_MID00193_FID128701_AXIAL_T2.h5;meas_MID00193_FID133838_AX_T2_ANGLE_DISC.h5
SPINE,multicoil_test,multicoil_test.tar.part-00001,30,meas_MID00129_FID113600_LT_COR_T2_OBL.h5;meas_MID00025_FID120721_SAG_T1.h5;meas_MID00371_FID134016_SAG_STIR.h5;meas_MID00334_FID115846_AX_T2.h5;meas_MID00435_FID129395_SAG_T1.h5;meas_MID00079_FID128587_RT_COR_T2_OBL.h5;meas_MID00450_FID128958_AX_T2_ANGLE_DISC.h5;meas_MID00235_FID111203_AX_T2_P2.h5;meas_MID00136_FID113607_COR_T2.h5;meas_MID00352_FID116823_COR_T2.h5;meas_MID00127_FID113598_AXIAL_T2.h5;meas_MID00208_FID126765_AX_T2.h5;meas_MID00399_FID117899_AX_T2_P2.h5;meas_MID00051_FID127100_SAG_T1.h5;meas_MID00051_FID125572_AX_T2_ANGLE_DISC.h5;meas_MID00091_FID113562_SAG_T2.h5;meas_MID00026_FID118827_RT_COR_T2_OBL.h5;meas_MID00190_FID110623_AX_T2_ANGLE_DISC.h5;meas_MID00181_FID125702_LT_COR_T2_OBL.h5;meas_MID00017_FID118818_SAG_T2.h5;meas_MID00141_FID121423_AX_T2_ANGLE_DISC.h5;meas_MID00454_FID125975_COR_T2.h5;meas_MID00205_FID125331_COR_T2.h5;meas_MID00439_FID128947_COR_T2.h5;meas_MID00029_FID120725_SAG_STIR.h5;meas_MID00330_FID111298_SAG_T1.h5;meas_MID00046_FID125567_SAG_T2.h5;meas_MID00128_FID121410_COR_T2.h5;meas_MID00439_FID121135_SAG_T1.h5;meas_MID00276_FID135392_SAG_T2.h5
SPINE,multicoil_test,multicoil_test.tar.part-00003,30,meas_MID00464_FID126475_AX_T2_P2.h5;meas_MID00189_FID126746_SAG_T2.h5;meas_MID00286_FID135402_AX_T2_P2.h5;meas_MID00116_FID113587_SAG_T1.h5;meas_MID00063_FID135179_AX_T2_P2.h5;meas_MID00058_FID125579_AX_T2_P2.h5;meas_MID00117_FID113588_AXIAL_T2.h5;meas_MID00470_FID126481_AX_T2.h5;meas_MID00050_FID127099_SAG_T2.h5;meas_MID00257_FID115769_AX_T2_ANGLE_DISC.h5;meas_MID00245_FID111213_AX_T2_ANGLE_DISC.h5;meas_MID00195_FID117695_SAG_T2_TGSE.h5;meas_MID00080_FID128588_LT_COR_T2_OBL.h5;meas_MID00389_FID117889_COR_T2.h5;meas_MID00048_FID127097_COR_T2.h5;meas_MID00149_FID118950_LT_COR_T2_OBL.h5;meas_MID00139_FID118940_AXIAL_T2.h5;meas_MID00394_FID117894_SAG_STIR.h5;meas_MID00425_FID121707_COR_T2.h5;meas_MID00347_FID111315_AX_T2.h5;meas_MID00399_FID111367_SAG_T2.h5;meas_MID00148_FID118949_RT_COR_T2_OBL.h5;meas_MID00360_FID116831_SAG_STIR.h5;meas_MID00034_FID125555_AX_T2_ANGLE_DISC.h5;meas_MID00172_FID125693_SAG_T1.h5;meas_MID00070_FID128578_SAG_T2.h5;meas_MID00439_FID129399_AX_T2_ANGLE_DISC.h5;meas_MID00105_FID130175_AX_T2_ANGLE_DISC.h5;meas_MID00253_FID115765_SAG_T2.h5;meas_MID00238_FID111206_AX_T2_P2.h5
SPINE,multicoil_train,multicoil_train.tar.part-00003,29,meas_MID00090_FID112067_AX_T2_ANGLE_DISC.h5;meas_MID00090_FID120786_AX_T2_ANGLE_DISC.h5;meas_MID00092_FID120788_AX_T2_P2.h5;meas_MID00093_FID112070_AX_T2_P2.h5;meas_MID00094_FID132287_COR_T2.h5;meas_MID00094_FID133739_AX_T2_P2.h5;meas_MID00095_FID125221_COR_T2.h5;meas_MID00095_FID132288_SAG_T2.h5;meas_MID00098_FID125224_SAG_T2.h5;meas_MID00099_FID132292_SAG_T1.h5;meas_MID00100_FID125226_SAG_T1.h5;meas_MID00100_FID132293_AX_T2.h5;meas_MID00100_FID133745_AX_T2.h5;meas_MID00101_FID125227_SAG_STIR.h5;meas_MID00102_FID117602_COR_T2.h5;meas_MID00102_FID125228_AX_T2_ANGLE_DISC.h5;meas_MID00102_FID132295_SAG_STIR.h5;meas_MID00103_FID132296_RT_COR_T2_OBL.h5;meas_MID00104_FID112081_COR_T2.h5;meas_MID00104_FID132297_LT_COR_T2_OBL.h5;meas_MID00106_FID112083_SAG_T2.h5;meas_MID00106_FID117606_SAG_T2.h5;meas_MID00106_FID127155_COR_T2.h5;meas_MID00106_FID133751_AX_T2_ANGLE_DISC.h5;meas_MID00107_FID112084_SAG_T1.h5;meas_MID00107_FID117607_SAG_T1.h5;meas_MID00107_FID133752_AX_T2.h5;meas_MID00108_FID112085_SAG_STIR.h5;meas_MID00108_FID117608_SAG_STIR.h5
SPINE,multicoil_train,multicoil_train.tar.part-00020,29,meas_MID00397_FID128905_RT_COR_T2_OBL.h5;meas_MID00398_FID123764_COR_T2.h5;meas_MID00398_FID128906_LT_COR_T2_OBL.h5;meas_MID00399_FID121095_COR_T2.h5;meas_MID00399_FID124335_COR_T2.h5;meas_MID00400_FID123766_SAG_T2.h5;meas_MID00401_FID123767_SAG_T1.h5;meas_MID00402_FID130472_RT_COR_T2_OBL.h5;meas_MID00403_FID124339_COR_T2.h5;meas_MID00403_FID130473_LT_COR_T2_OBL.h5;meas_MID00404_FID121100_SAG_T1.h5;meas_MID00404_FID129364_COR_T2.h5;meas_MID00405_FID121101_AX_T2.h5;meas_MID00405_FID124341_SAG_T2.h5;meas_MID00406_FID124342_SAG_T1.h5;meas_MID00407_FID121103_SAG_STIR.h5;meas_MID00407_FID124343_SAG_STIR.h5;meas_MID00408_FID114452_COR_T2.h5;meas_MID00408_FID123774_AX_T2_ANGLE_DISC.h5;meas_MID00409_FID123775_AX_T2_P2.h5;meas_MID00410_FID124346_AX_T2_ANGLE_DISC.h5;meas_MID00410_FID129370_SAG_T2.h5;meas_MID00411_FID129371_SAG_T1.h5;meas_MID00411_FID134056_COR_T2.h5;meas_MID00412_FID114456_SAG_T2.h5;meas_MID00412_FID134057_SAG_T2.h5;meas_MID00413_FID114457_SAG_T1.h5;meas_MID00413_FID121109_RT_COR_T2_OBL.h5;meas_MID00413_FID129373_AXIAL_T2.h5
SPINE,multicoil_train,multicoil_train.tar.part-00008,27,meas_MID00194_FID118092_SAG_STIR.h5;meas_MID00194_FID124130_COR_OBL_T1.h5;meas_MID00194_FID133839_AX_T2_P2.h5;meas_MID00195_FID118093_RT_COR_T2_OBL.h5;meas_MID00196_FID118094_LT_COR_T2_OBL.h5;meas_MID00197_FID132390_COR_T2.h5;meas_MID00198_FID132391_SAG_T2.h5;meas_MID00199_FID115711_AX_T2_T_SP.h5;meas_MID00199_FID128707_AXIAL_T2.h5;meas_MID00200_FID111168_AX_T2.h5;meas_MID00200_FID133845_AX_T2.h5;meas_MID00201_FID124137_COR_T2.h5;meas_MID00201_FID128709_SAG_STIR.h5;meas_MID00202_FID115714_AX_T2_T_SP.h5;meas_MID00202_FID118100_COR_T2.h5;meas_MID00202_FID128710_RT_COR_T2_OBL.h5;meas_MID00202_FID132395_SAG_T1.h5;meas_MID00203_FID118101_SAG_T2.h5;meas_MID00203_FID124139_SAG_T2.h5;meas_MID00203_FID128711_LT_COR_T2_OBL.h5;meas_MID00204_FID118102_SAG_T1.h5;meas_MID00204_FID124140_SAG_T1.h5;meas_MID00205_FID118103_SAG_STIR.h5;meas_MID00205_FID124141_SAG_STIR.h5;meas_MID00205_FID132398_AX_T2.h5;meas_MID00207_FID132400_SAG_STIR.h5;meas_MID00209_FID118107_AX_T2_T_SP.h5
SPINE,multicoil_test,multicoil_test.tar.part-00004,25,meas_MID00440_FID129400_AX_T2_P2.h5;meas_MID00069_FID128577_COR_T2.h5;meas_MID00191_FID126748_SAG_STIR.h5;meas_MID00361_FID116832_RT_COR_T2_OBL.h5;meas_MID00457_FID125978_SAG_STIR.h5;meas_MID00277_FID114815_AX_T2_ANGLE_DISC.h5;meas_MID00137_FID118938_COR_T2.h5;meas_MID00161_FID110594_AX_T2.h5;meas_MID00113_FID111081_SAG_T2.h5;meas_MID00397_FID111365_COR_T2.h5;meas_MID00178_FID110611_COR_T2.h5;meas_MID00024_FID120720_AXIAL_T2.h5;meas_MID00442_FID128950_SAG_T2.h5;meas_MID00031_FID118832_SAG_STIR.h5;meas_MID00279_FID114817_AX_T2_P2.h5;meas_MID00256_FID115768_AX_T2_P2.h5;meas_MID00353_FID116824_SAG_T2.h5;meas_MID00024_FID125545_SAG_STIR.h5;meas_MID00324_FID115836_SAG_T2.h5;meas_MID00361_FID111329_AX_T1_FS_POST.h5;meas_MID00447_FID110880_SAG_T1.h5;meas_MID00441_FID110874_COR_T2.h5;meas_MID00188_FID126745_COR_T2.h5;meas_MID00251_FID115763_COR_T2.h5;meas_MID00145_FID113616_AX_T2_ANGLE_DISC.h5
SPINE,multicoil_test,multicoil_test.tar.part-00002,24,meas_MID00362_FID134007_COR_T2.h5;meas_MID00453_FID128961_AX_T2.h5;meas_MID00125_FID113596_SAG_STIR.h5;meas_MID00168_FID125689_AX_T2.h5;meas_MID00137_FID113608_SAG_T2.h5;meas_MID00400_FID111368_SAG_T1.h5;meas_MID00126_FID113597_AXIAL_T2.h5;meas_MID00398_FID117898_AX_T2_ANGLE_DISC.h5;meas_MID00191_FID110624_AX_T2_P2.h5;meas_MID00076_FID128584_SAG_T1.h5;meas_MID00436_FID129396_SAG_STIR.h5;meas_MID00078_FID128586_SAG_STIR.h5;meas_MID00016_FID118817_COR_T2.h5;meas_MID00060_FID127109_AX_T2_P2.h5;meas_MID00450_FID110883_SAG_STIR.h5;meas_MID00123_FID113594_AXIAL_T2.h5;meas_MID00122_FID111090_AX_T2_P2.h5;meas_MID00433_FID121129_COR_T2.h5;meas_MID00165_FID125686_SAG_T2.h5;meas_MID00139_FID113610_SAG_STIR.h5;meas_MID00438_FID121134_SAG_T2.h5;meas_MID00357_FID111325_SAG_T1_FS_POST.h5;meas_MID00210_FID125336_SAG_STIR.h5;meas_MID00154_FID110587_COR_T2.h5
SPINE,multicoil_val,multicoil_val.tar.part-00001,24,meas_MID00096_FID134212_AX_T2_ANGLE_DISC.h5;meas_MID00302_FID114840_SAG_STIR.h5;meas_MID00089_FID134205_SAG_T1.h5;meas_MID00436_FID130506_AX_T2_ANGLE_DISC.h5;meas_MID00327_FID114865_SAG_T2.h5;meas_MID00166_FID117666_SAG_T2.h5;meas_MID00464_FID134109_COR_T2.h5;meas_MID00106_FID114150_SAG_T1.h5;meas_MID00099_FID134215_AX_T2_P2.h5;meas_MID00147_FID121915_AX_T2_P2.h5;meas_MID00329_FID114867_SAG_STIR.h5;meas_MID00332_FID113302_SAG_STIR.h5;meas_MID00173_FID117673_AX_T2_ANGLE_DISC.h5;meas_MID00406_FID113877_AX_T2.h5;meas_MID00460_FID121742_SAG_STIR.h5;meas_MID00260_FID118158_AX_T2_P2.h5;meas_MID00090_FID134206_SAG_STIR.h5;meas_MID00308_FID111276_AX_T2_ANGLE_DISC.h5;meas_MID00123_FID125249_SAG_T2.h5;meas_MID00332_FID114870_AX_T2_ANGLE_DISC.h5;meas_MID00027_FID117925_AX_T2_ANGLE_DISC.h5;meas_MID00078_FID130148_SAG_T2.h5;meas_MID00298_FID111266_SAG_STIR.h5;meas_MID00388_FID115900_AXIAL_T2.h5
SPINE,multicoil_train,multicoil_train.tar.part-00013,21,meas_MID00263_FID126820_LT_COR_T2_OBL.h5;meas_MID00264_FID111232_SAG_T1.h5;meas_MID00264_FID114308_SAG_T2.h5;meas_MID00264_FID120500_AX_T2_ANGLE_DISC.h5;meas_MID00265_FID114309_SAG_T1.h5;meas_MID00265_FID120501_AX_T2_P2.h5;meas_MID00265_FID127314_SAG_T2.h5;meas_MID00265_FID135381_AX_T2_P2.h5;meas_MID00266_FID114310_SAG_STIR.h5;meas_MID00266_FID127315_SAG_T1.h5;meas_MID00267_FID111235_AXIAL_T2.h5;meas_MID00267_FID126824_SAG_T1.h5;meas_MID00269_FID124205_COR_T2.h5;meas_MID00269_FID127318_SAG_STIR.h5;meas_MID00272_FID114316_AX_T2_ANGLE_DISC.h5;meas_MID00273_FID124209_SAG_T2.h5;meas_MID00274_FID127323_AX_T2_ANGLE_DISC.h5;meas_MID00277_FID119078_COR_T2.h5;meas_MID00278_FID114322_AX_T2.h5;meas_MID00279_FID111247_LT_COR_T2_OBL.h5;meas_MID00279_FID119080_SAG_T2.h5
SPINE,multicoil_val,multicoil_val.tar.part-00004,21,meas_MID00301_FID114839_SAG_T1.h5;meas_MID00457_FID121739_AXIAL_T2.h5;meas_MID00125_FID118926_AX_T2_ANGLE_DISC.h5;meas_MID00125_FID125251_SAG_STIR.h5;meas_MID00474_FID134119_SAG_STIR.h5;meas_MID00347_FID116344_AXIAL_T2.h5;meas_MID00324_FID113294_COR_T2.h5;meas_MID00333_FID113303_RT_COR_T2_OBL.h5;meas_MID00386_FID115898_SAG_T2.h5;meas_MID00340_FID116337_SAG_T2.h5;meas_MID00360_FID115311_AX_T2_TGSE.h5;meas_MID00198_FID113168_COR_T2.h5;meas_MID00078_FID135194_SAG_T2.h5;meas_MID00129_FID114173_AX_T2_ANGLE_DISC.h5;meas_MID00431_FID115943_SAG_T1.h5;meas_MID00167_FID117667_SAG_T1.h5;meas_MID00408_FID113879_SAG_STIR.h5;meas_MID00451_FID128500_SAG_T2.h5;meas_MID00133_FID130203_SAG_T1.h5;meas_MID00410_FID113881_LT_COR_T2_OBL.h5;meas_MID00395_FID134040_AX_T2_ANGLE_DISC.h5
SPINE,multicoil_train,multicoil_train.tar.part-00011,20,meas_MID00241_FID121523_AX_T2.h5;meas_MID00241_FID122009_SAG_T1.h5;meas_MID00241_FID124177_SAG_T1_PAT2_PG_FS.h5;meas_MID00241_FID133886_SAG_STIR.h5;meas_MID00242_FID122010_SAG_STIR.h5;meas_MID00243_FID113213_COR_T2.h5;meas_MID00243_FID134359_COR_T2.h5;meas_MID00244_FID133889_AX_T2_ANGLE_DISC.h5;meas_MID00247_FID126804_COR_T2.h5;meas_MID00247_FID134363_SAG_T2.h5;meas_MID00248_FID122016_AX_T2_ANGLE_DISC.h5;meas_MID00248_FID126805_SAG_T2.h5;meas_MID00248_FID133893_AX_T2_P2.h5;meas_MID00248_FID134364_SAG_T1.h5;meas_MID00249_FID113219_SAG_T2.h5;meas_MID00249_FID122017_AX_T2_P2.h5;meas_MID00249_FID134365_SAG_STIR.h5;meas_MID00250_FID113220_SAG_T1.h5;meas_MID00250_FID135366_COR_T2.h5;meas_MID00253_FID134369_AX_T2_ANGLE_DISC.h5
SPINE,multicoil_train,multicoil_train.tar.part-00012,19,meas_MID00254_FID135370_SAG_T2.h5;meas_MID00255_FID135371_SAG_T1.h5;meas_MID00256_FID113226_AXIAL_T2.h5;meas_MID00256_FID134372_AX_T2_P2.h5;meas_MID00256_FID135372_SAG_STIR.h5;meas_MID00258_FID111226_COR_T2.h5;meas_MID00258_FID113228_SAG_STIR.h5;meas_MID00258_FID120494_SAG_STIR.h5;meas_MID00258_FID126815_SAG_T1.h5;meas_MID00259_FID111227_SAG_T2.h5;meas_MID00259_FID113229_RT_COR_T2_OBL.h5;meas_MID00259_FID126816_SAG_T2.h5;meas_MID00259_FID135375_AX_T2_ANGLE_DISC.h5;meas_MID00260_FID113230_LT_COR_T2_OBL.h5;meas_MID00260_FID126817_AXIAL_T2.h5;meas_MID00261_FID114305_COR_T2.h5;meas_MID00261_FID126818_SAG_STIR.h5;meas_MID00262_FID126819_RT_COR_T2_OBL.h5;meas_MID00262_FID127311_COR_T2.h5
SPINE,multicoil_train,multicoil_train.tar.part-00025,16,meas_MID00524_FID130594_AX_T2_T_SP.h5;meas_MID00531_FID130601_COR_T2.h5;meas_MID00532_FID130602_SAG_T2.h5;meas_MID00533_FID130603_SAG_T1.h5;meas_MID00534_FID130604_SAG_STIR.h5;meas_MID00539_FID114010_COR_T2.h5;meas_MID00540_FID130610_AX_T2_ANGLE_DISC.h5;meas_MID00541_FID114012_SAG_T2.h5;meas_MID00542_FID114013_SAG_T1.h5;meas_MID00543_FID114014_SAG_STIR.h5;meas_MID00543_FID130613_AX_T2_P2.h5;meas_MID00549_FID114020_AX_T2_ANGLE_DISC.h5;meas_MID00556_FID114027_AX_T2_P2.h5;meas_MID00569_FID129529_COR_T2.h5;meas_MID00571_FID129531_SAG_T2.h5;meas_MID00572_FID129532_SAG_T1.h5
SPINE,multicoil_train,multicoil_train.tar.part-00014,10,meas_MID00279_FID124215_AX_T2.h5;meas_MID00280_FID111248_LT_COR_T2_OBL.h5;meas_MID00280_FID119081_SAG_T1.h5;meas_MID00280_FID127329_AX_T2_P2.h5;meas_MID00281_FID119082_SAG_STIR.h5;meas_MID00282_FID119083_AX_T2_ANGLE_DISC.h5;meas_MID00284_FID114328_AX_T2.h5;meas_MID00285_FID124221_AX_T2.h5;meas_MID00288_FID119089_AX_T2.h5;meas_MID00290_FID124226_SAG_T1.h5
SPINE,multicoil_val,multicoil_val.tar.part-00006,7,meas_MID00168_FID117668_SAG_STIR.h5;meas_MID00328_FID114866_SAG_T1.h5;meas_MID00128_FID118929_AX_T2_P2.h5;meas_MID00329_FID113299_SAG_T1.h5;meas_MID00116_FID133761_COR_T2.h5;meas_MID00104_FID114148_COR_T2.h5;meas_MID00409_FID113880_RT_COR_T2_OBL.h5
SPINE,multicoil_test,multicoil_test.tar.part-00006,5,meas_MID00443_FID128951_SAG_T1.h5;meas_MID00333_FID115845_AX_T2_ANGLE_DISC.h5;meas_MID00059_FID127108_AX_T2_ANGLE_DISC.h5;meas_MID00053_FID127102_SAG_STIR.h5;meas_MID00432_FID121714_SAG_STIR.h5
SPINE,multicoil_train,multicoil_train.tar.part-00026,3,meas_MID00573_FID129533_SAG_STIR.h5;meas_MID00574_FID129534_AX_T2_ANGLE_DISC.h5;meas_MID00580_FID129540_AX_T2_P2.h5
